time,seconds_elapsed,z,y,x
1664520669082386200,0.09438623046875,-0.009562492370605469,0.07835577428340912,-0.03032076358795166
1664520670089338400,1.10133837890625,0.6067428588867188,2.672311305999756,-0.25478553771972656
1664520671096290600,2.10829052734375,-4.033383369445801,-4.654189586639404,-1.1908388137817383
