time,seconds_elapsed,z,y,x
1664520669587309600,0.5993095703125,7.706085205078125,-0.91136634349823,-4.628317356109619
1664520670584671700,1.596671630859375,3.22552490234375,-5.477769374847412,-8.01356315612793
