time,seconds_elapsed,z,y,x
1664520669546449400,0.558449462890625,-0.14721418917179108,1.0101122856140137,-0.24976016581058502
1664520670543811800,1.555811767578125,-0.012216945178806782,0.3083251416683197,0.5328115224838257
