time,seconds_elapsed,z,y,x
1664520669051562000,0.06356201171875,9.755837440490723,-0.2667997181415558,-1.3154542446136475
1664520670010564000,1.022564208984375,3.7719857692718506,-2.4119651317596436,-9.182456970214844
1664520670969566200,1.981566162109375,3.211766242980957,-5.254937648773193,-7.251748085021973
1664520671928568000,2.940568115234375,7.58225679397583,-0.9876375198364258,-5.079065322875977
