time,seconds_elapsed,z,y,x
1664520805651187700,0.590187744140625,9.601799011230469,0.8617152571678162,0.010767702013254166
1664520806648558000,1.58755810546875,10.993824005126953,-0.0014955141814425588,0.6131607890129089
1664520807645932300,2.584932373046875,8.688039779663086,-0.3242274820804596,1.832902193069458
