time,seconds_elapsed,z,y,x
1664520805021585400,-0.03941455078125,0.006381988525390625,-0.013371884822845459,-0.01690441370010376
1664520806028546000,0.967546142578125,-1.5870246887207031,0.7740066647529602,0.1448063850402832
1664520807035506400,1.97450634765625,0.9318380355834961,1.5158751010894775,-0.6229106783866882
1664520808042470700,2.981470703125,0.8198032379150391,0.8750239014625549,0.9032186269760132
