time,seconds_elapsed,z,y,x
1664520805619917300,0.558917236328125,-0.1313321590423584,0.012675080448389053,0.17202985286712646
1664520806617287700,1.55628759765625,0.25411245226860046,0.12392564117908478,-0.2786990702152252
1664520807614662000,2.553661865234375,0.007482878863811493,-0.07826480269432068,0.14530529081821442
