time,seconds_elapsed,z,y,x
1664520805619917300,0.558917236328125,-0.14072394371032715,0.010842538438737392,0.18378867208957672
1664520806617287700,1.55628759765625,0.24464432895183563,0.1220930963754654,-0.2668638825416565
1664520807614662000,2.553661865234375,-0.001985253533348441,-0.08009734749794006,0.15714046359062195
