time,seconds_elapsed,z,y,x
1664520412883560400,0.591560546875,9.747760772705078,0.49621158838272095,0.2072782665491104
1664520413880904000,1.588904052734375,10.65105152130127,-0.24586252868175507,-0.2988037168979645
1664520414878248000,2.586248046875,8.873184204101562,0.6457630395889282,-0.22163519263267517
