time,seconds_elapsed,z,y,x
1664520412311525000,0.019525146484375,0.03164100646972656,0.05958780646324158,-0.02334289252758026
1664520413318458400,1.026458251953125,-0.017253875732421875,0.18309995532035828,0.09881382435560226
1664520414325391600,2.0333916015625,3.415151596069336,-0.6343108415603638,0.821976363658905
1664520415332325600,3.04032568359375,-0.6419525146484375,0.130112886428833,-0.32486605644226074
