time,seconds_elapsed,z,y,x
1664520412842701000,0.550701171875,0.03443651273846626,-0.0019088976550847292,0.038483377546072006
1664520413840044500,1.54804443359375,0.27152159810066223,0.05482354015111923,-0.11369394510984421
1664520414837388500,2.545388427734375,-0.3124483823776245,-0.04650074616074562,0.19738002121448517
