time,seconds_elapsed,z,y,x
1664520412842701000,0.550701171875,0.04390464723110199,-0.00007635590736754239,0.02664821222424507
1664520413840044500,1.54804443359375,0.28098973631858826,0.05665608495473862,-0.12545275688171387
1664520414837388500,2.545388427734375,-0.30305659770965576,-0.04474456235766411,0.18554484844207764
