time,seconds_elapsed,z,y,x
1664520412352384500,0.060384521484375,9.890732765197754,0.20159530639648438,0.18394823372364044
1664520413359317800,1.06731787109375,9.774979591369629,1.2744771242141724,0.20817556977272034
1664520414366251000,2.0742509765625,10.2176513671875,-0.06999006122350693,0.20548364520072937
1664520415373185000,3.08118505859375,9.58325481414795,1.4985052347183228,0.050847481936216354
