time,seconds_elapsed,z,y,x
1664520515222066400,0.12606640625,0.08374810218811035,-0.015808582305908203,0.17943334579467773
1664520516229008600,1.133008544921875,-0.05794239044189453,-0.12631988525390625,0.19708490371704102
1664520517235950800,2.139950927734375,0.27846789360046387,-0.1652698516845703,-0.060747623443603516
1664520518242893000,3.14689306640625,-0.6705770492553711,-4.415590763092041,-2.1007328033447266
1664520519249835300,4.153835205078125,-0.3364572525024414,0.868983268737793,0.1428450345993042
