time,seconds_elapsed,z,y,x
1664520515657351700,0.5613515625,-0.15087927877902985,0.13018682599067688,-0.06749862432479858
1664520516654703900,1.558703857421875,-0.19921256601810455,-0.08735115826129913,-0.09407047927379608
1664520517652056000,2.55605615234375,0.6872795224189758,-0.38132140040397644,0.5823665261268616
1664520518649408300,3.553408203125,0.22631891071796417,-0.5610632300376892,0.6501705646514893
