time,seconds_elapsed,z,y,x
1664520515657351700,0.5613515625,-0.14141114056110382,0.13201937079429626,-0.07925742864608765
1664520516654703900,1.558703857421875,-0.18974442780017853,-0.08551861345767975,-0.10582929104566574
1664520517652056000,2.55605615234375,0.6967476606369019,-0.37956520915031433,0.5705313682556152
1664520518649408300,3.553408203125,0.23571068048477173,-0.5592306852340698,0.6383354067802429
