time,seconds_elapsed,z,y,x
1664520515147847200,0.05184716796875,3.460021495819092,-6.043073654174805,-6.919145584106445
1664520516154789400,1.058789306640625,2.324627161026001,-7.2125654220581055,-6.209972858428955
1664520517161731600,2.065731689453125,0.2913261651992798,-8.641678810119629,-5.56151819229126
1664520518168673800,3.072673828125,10.068099975585938,-1.9716858863830566,-7.377371311187744
1664520519175616000,4.079615966796875,8.469395637512207,4.6199421882629395,-1.2014961242675781
