time,seconds_elapsed,z,y,x
1664853886589639700,0.5916396484375,9.55214786529541,1.8681962490081787,-0.48574298620224
1664853887586971000,1.588970947265625,10.68544864654541,0.8330013751983643,-0.12801600992679596
1664853888584302000,2.586302001953125,8.889336585998535,0.059820566326379776,-0.7241279482841492
