time,seconds_elapsed,z,y,x
1664853886548780800,0.55078076171875,0.08727480471134186,0.045889899134635925,-0.040544986724853516
1664853887546112000,1.548112060546875,0.14133478701114655,0.02405211143195629,-0.19982340931892395
1664853888543443000,2.54544287109375,-0.2818296551704407,0.04421006888151169,0.11178504675626755
