time,seconds_elapsed,z,y,x
1664853886548780800,0.55078076171875,0.07895200699567795,0.046729814261198044,-0.02886253222823143
1664853887546112000,1.548112060546875,0.13301199674606323,0.024968381971120834,-0.18814095854759216
1664853888543443000,2.54544287109375,-0.2901524603366852,0.04512634128332138,0.12339114397764206
