time,seconds_elapsed,z,y,x
1664853886087244800,0.089244873046875,9.468399047851562,1.7470595836639404,-0.1779661774635315
1664853887094165200,1.096165283203125,9.885348320007324,1.3980066776275635,-0.4782654345035553
1664853888101086000,2.1030859375,10.852048873901367,0.6379863619804382,0.38673996925354004
