time,seconds_elapsed,z,y,x
1664520696874285300,0.054285400390625,-0.018350601196289062,-0.11054837703704834,0.1655888557434082
1664520697881239600,1.061239501953125,3.905937433242798,2.4204049110412598,0.8493704795837402
1664520698888194300,2.0681943359375,-1.011857509613037,-6.824546813964844,-4.0728888511657715
1664520699895148500,3.0751484375,-5.355607509613037,-4.782099723815918,3.095508575439453
