time,seconds_elapsed,z,y,x
1664520697357530600,0.537530517578125,0.681323766708374,-0.3354314863681793,-0.6850652098655701
1664520698354895000,1.53489501953125,-0.7475243210792542,-1.3141615390777588,0.21364383399486542
1664520699352259300,2.53225927734375,0.02229592576622963,0.8543462753295898,-0.4898231327533722
1664520700349623600,3.52962353515625,-0.013896775431931019,0.8669449687004089,0.2530434727668762
