time,seconds_elapsed,z,y,x
1664520697357530600,0.537530517578125,0.6907155513763428,-0.3335989713668823,-0.6968240141868591
1664520698354895000,1.53489501953125,-0.7380561828613281,-1.3123289346694946,0.20188501477241516
1664520699352259300,2.53225927734375,0.03168770298361778,0.8561787605285645,-0.5015819668769836
1664520700349623600,3.52962353515625,-0.004428642801940441,0.8687775135040283,0.24120831489562988
