time,seconds_elapsed,z,y,x
1664520696862641000,0.042640869140625,9.345467567443848,1.1778669357299805,2.2444677352905273
1664520697821645000,1.00164501953125,8.217850685119629,-13.080065727233887,1.6423736810684204
1664520698780649500,1.9606494140625,-0.8078767657279968,-7.372585773468018,2.6383860111236572
1664520699739653600,2.919653564453125,2.6072793006896973,-5.100600719451904,9.60508918762207
1664520700698657500,3.878657470703125,9.362217903137207,0.24406790733337402,2.7687950134277344
