time,seconds_elapsed,z,y,x
1664520562831715800,0.5987158203125,3.4561331272125244,-7.1988067626953125,4.980660438537598
1664520563829071000,1.596071044921875,5.800800323486328,-8.437092781066895,3.2359936237335205
1664520564826426000,2.593426025390625,9.555737495422363,1.8843477964401245,0.0005982056609354913
