time,seconds_elapsed,z,y,x
1664520562345978000,0.11297802734375,-0.16968727111816406,0.09603118896484375,0.18260622024536133
1664520563352924000,1.119923828125,-2.185666799545288,0.46602916717529297,2.496645927429199
1664520564359869000,2.126868896484375,-5.965366363525391,-6.2892560958862305,0.5755820274353027
