time,seconds_elapsed,z,y,x
1664520562800446000,0.567446044921875,0.29061058163642883,-0.028938889503479004,-0.22677704691886902
1664520563797801200,1.56480126953125,-1.0492829084396362,0.19180603325366974,1.5114651918411255
1664520564795156200,2.56215625,-0.07757759839296341,0.0325276181101799,-0.5840463638305664
