time,seconds_elapsed,z,y,x
1664520562800446000,0.567446044921875,0.2812187969684601,-0.03077143058180809,-0.2149418741464615
1664520563797801200,1.56480126953125,-1.058674693107605,0.18997350335121155,1.5233004093170166
1664520564795156200,2.56215625,-0.08696937561035156,0.03077143058180809,-0.5722111463546753
