time,seconds_elapsed,z,y,x
1664520562315154700,0.08215478515625,4.83978271484375,-6.672386169433594,5.3353962898254395
1664520563274150700,1.041150634765625,3.40797758102417,-8.538488388061523,4.007678985595703
1664520564233146400,2.000146484375,0.9206385016441345,-1.5275181531906128,-1.155135154724121
1664520565192141600,2.9591416015625,9.946365356445312,1.4138591289520264,-0.5362913608551025
