time,seconds_elapsed,z,y,x
1664520766555545600,0.074545654296875,0.08604288101196289,0.21827030181884766,-0.003943443298339844
1664520767562518300,1.081518310546875,1.6840318441390991,-3.0554566383361816,-1.0766420364379883
1664520768569490200,2.088490234375,-0.8916425704956055,0.02765512466430664,-0.36687135696411133
1664520769576461000,3.0954609375,-0.010296344757080078,-0.3081226348876953,0.03604936599731445
1664520770583431000,4.102430908203125,-0.1740121841430664,-0.11443853378295898,0.07767152786254883
