time,seconds_elapsed,z,y,x
1664520767010036200,0.5290361328125,-0.5324297547340393,-0.037948887795209885,-0.3958290219306946
1664520768007418000,1.526418212890625,0.4175141155719757,-0.3054236173629761,0.3306210935115814
1664520769004799000,2.523799072265625,-0.05008947476744652,-0.020463382825255394,0.010766183026134968
1664520770002178800,3.5211787109375,0.026724567636847496,-0.06841489672660828,0.013438640162348747
