time,seconds_elapsed,z,y,x
1664520766524718300,0.04371826171875,2.187039852142334,-3.9885363578796387,-8.54447078704834
1664520767483740700,1.00274072265625,4.044767379760742,-11.181660652160645,-8.433204650878906
1664520768442761700,1.96176171875,6.065506458282471,-5.567500114440918,-6.573083877563477
1664520769401781800,2.92078173828125,4.930710315704346,-5.5244293212890625,-6.288038730621338
1664520770360801000,3.879801025390625,5.361717224121094,-5.556732177734375,-6.036792278289795
