time,seconds_elapsed,z,y,x
1664520448762666500,0.09666650390625,0.17845535278320312,-0.6702489852905273,-0.27005791664123535
1664520449769607200,1.103607177734375,0.10475635528564453,-0.0993395447731018,0.22267413139343262
1664520450776547600,2.110547607421875,2.010225296020508,-0.08055514097213745,-0.19018937647342682
1664520451783488300,3.11748828125,-0.6766195297241211,-0.3148222863674164,-0.09532159566879272
