time,seconds_elapsed,z,y,x
1664520449267579400,0.601579345703125,9.519545555114746,0.7698906660079956,1.908276081085205
1664520450264930000,1.598929931640625,10.336395263671875,-0.11485548317432404,1.252044439315796
1664520451262280700,2.59628076171875,9.014361381530762,0.029910283163189888,0.2072782665491104
