time,seconds_elapsed,z,y,x
1664520449236309800,0.570309814453125,0.12514732778072357,-0.10178242623806,-0.014889402315020561
1664520450233660400,1.567660400390625,0.3820849657058716,0.19256959855556488,-0.16538690030574799
1664520451231011000,2.565010986328125,0.03161134570837021,0.030007870867848396,0.24120831489562988
