time,seconds_elapsed,z,y,x
1664520448803526100,0.137526123046875,9.232706069946289,1.080060362815857,1.1578270196914673
1664520449810466600,1.144466552734375,9.499505996704102,0.5659025311470032,2.1071794033050537
1664520450817407200,2.1514072265625,12.807882308959961,-1.9286150932312012,1.033101201057434
1664520451824347600,3.15834765625,9.988838195800781,0.8793623447418213,-0.23599213361740112
