time,seconds_elapsed,z,y,x
1664520703507246300,0.553246337890625,9.600303649902344,1.7793627977371216,2.053041934967041
1664520704504610800,1.55061083984375,9.608678817749023,-0.04666004329919815,2.2019951343536377
1664520705501975300,2.547975341796875,12.337692260742188,-2.3374886512756348,2.888136863708496
1664520706499339500,3.545339599609375,8.005487442016602,-2.387737989425659,3.819244146347046
1664520707496703700,4.542703857421875,8.688039779663086,-0.41964125633239746,3.5054850578308105
