time,seconds_elapsed,z,y,x
1664520702916011000,-0.037989013671875,2.301815986633301,-1.1330233812332153,1.1623516082763672
1664520703922965000,0.968965087890625,0.9542779922485352,0.7035660743713379,2.1627562046051025
1664520704929919500,1.97591943359375,0.0996541976928711,0.13572481274604797,-0.05035591125488281
1664520705936874000,2.9828740234375,-0.45604562759399414,-4.859794616699219,-1.8402273654937744
1664520706943828200,3.989828125,7.948792457580566,0.053395241498947144,-0.11188483238220215
1664520707950782500,4.996782470703125,1.612593650817871,0.21777945756912231,-0.3205440044403076
