time,seconds_elapsed,z,y,x
1664520703495156500,0.541156494140625,-0.642076849937439,-0.31092125177383423,-0.22815145552158356
1664520704492520700,1.538520751953125,0.07414158433675766,0.004046862944960594,0.011529741808772087
1664520705489885200,2.53588525390625,0.7015580534934998,-0.463556706905365,0.23082390427589417
1664520706487249400,3.53324951171875,-0.6419241428375244,-0.10117157548666,-0.18989713490009308
1664520707484613600,4.530613525390625,0.1695101112127304,-0.15782766044139862,-0.004963133949786425
