time,seconds_elapsed,z,y,x
1664520703495156500,0.541156494140625,-0.6326087117195129,-0.30908870697021484,-0.23991025984287262
1664520704492520700,1.538520751953125,0.08360971510410309,0.005879404954612255,-0.00030542362947016954
1664520705489885200,2.53588525390625,0.7109498381614685,-0.4618005156517029,0.21898874640464783
1664520706487249400,3.53324951171875,-0.6324560046195984,-0.09933903813362122,-0.2017323076725006
1664520707484613600,4.530613525390625,0.17897824943065643,-0.15599511563777924,-0.016721943393349648
