time,seconds_elapsed,z,y,x
1664520703000267000,0.04626708984375,10.347163200378418,1.4593226909637451,2.2707886695861816
1664520703959271000,1.00527099609375,9.273683547973633,1.5335001945495605,0.28145575523376465
1664520704918275000,1.964275146484375,9.674481391906738,0.13280165195465088,1.9510477781295776
1664520705877279200,2.923279296875,30.7008113861084,-10.700404167175293,2.6539394855499268
1664520706836283400,3.882283447265625,11.770593643188477,-0.43220359086990356,2.9889345169067383
1664520707795287600,4.84128759765625,7.306783199310303,-0.490827739238739,3.969393730163574
1664520708754291700,5.800291748046875,8.552845001220703,-1.2245270013809204,3.586242914199829
