time,seconds_elapsed,z,y,x
1664853591864742400,0.027742431640625,0.023782730102539062,0.7879724502563477,0.1868874430656433
1664853592871646200,1.034646240234375,0.13708782196044922,0.5474216938018799,0.33487364649772644
1664853593878550300,2.04155029296875,1.4942207336425781,-0.5792336463928223,-1.1018579006195068
1664853594885454000,3.0484541015625,0.048870086669921875,-0.3531860113143921,0.11880256235599518
