time,seconds_elapsed,z,y,x
1664853592417570300,0.5805703125,9.776774406433105,0.5542375445365906,-0.6652047038078308
1664853593414884600,1.577884521484375,10.274481773376465,-1.1694921255111694,-1.287936806678772
1664853594412199000,2.575198974609375,9.143573760986328,-0.017647067084908485,-0.5386841893196106
