time,seconds_elapsed,z,y,x
1664853592386301400,0.549301513671875,0.01847812905907631,0.000687203137204051,-0.15714046359062195
1664853593383616000,1.546615966796875,0.26968905329704285,0.03718532621860504,-0.17424418032169342
1664853594380930300,2.543930419921875,-0.08070819079875946,-0.12858334183692932,0.2790044844150543
