time,seconds_elapsed,z,y,x
1664853591910640600,0.073640625,9.668498992919922,1.5179468393325806,-0.4860421121120453
1664853592869596700,1.0325966796875,9.872187614440918,-0.22013968229293823,-1.374078392982483
1664853593828553000,1.991552978515625,11.45683479309082,-1.812264084815979,-1.7751753330230713
1664853594787509000,2.950509033203125,7.916055679321289,1.9079769849777222,0.30299118161201477
