time,seconds_elapsed,z,y,x
1664520883658020000,0.55102001953125,9.685547828674316,-0.8712865710258484,1.3049856424331665
1664520884655393000,1.54839306640625,10.469197273254395,-1.2134602069854736,2.4900310039520264
1664520885652766000,2.545765869140625,8.638388633728027,-0.3281157910823822,0.7920243144035339
