time,seconds_elapsed,z,y,x
1664520883162677200,0.05567724609375,0.03134441375732422,0.09745681285858154,0.017934560775756836
1664520884169640200,1.06264013671875,0.015959739685058594,0.09068453311920166,-0.13930237293243408
1664520885176603100,2.06960302734375,3.671267509460449,-1.5526690483093262,1.9931942224502563
1664520886183566000,3.076566162109375,0.41518211364746094,0.30772948265075684,0.15973436832427979
