time,seconds_elapsed,z,y,x
1664520883636340000,0.529340087890625,0.007330167107284069,-0.03886515647172928,-0.03749075159430504
1664520884633713000,1.526712890625,-0.08780929446220398,-0.1954711228609085,-0.05344913527369499
1664520885631085600,2.52408544921875,0.7548545002937317,0.45737189054489136,0.2501419484615326
