time,seconds_elapsed,z,y,x
1664520883636340000,0.529340087890625,0.016798298805952072,-0.037108972668647766,-0.0492495596408844
1664520884633713000,1.526712890625,-0.07834116369485855,-0.19363857805728912,-0.06520794332027435
1664520885631085600,2.52408544921875,0.7643226385116577,0.45920443534851074,0.23838314414024353
