time,seconds_elapsed,z,y,x
1664520883160622300,0.053622314453125,9.60508918762207,-0.7408776879310608,1.2388839721679688
1664520884119634400,1.012634521484375,9.585947036743164,-1.0103694200515747,1.449751377105713
1664520885078647000,1.97164697265625,17.860027313232422,-1.9558334350585938,5.220241546630859
1664520886037659100,2.9306591796875,8.662915229797363,2.0685951709747314,-0.2584248483181
