time,seconds_elapsed,z,y,x
1664520574569814300,0.601814208984375,9.686744689941406,0.9050851464271545,1.083350419998169
1664520575567169300,1.599169189453125,9.685547828674316,0.8889335989952087,1.0067801475524902
1664520576564524300,2.596524169921875,10.505987167358398,0.15523436665534973,1.155733346939087
1664520577561879300,3.59387939453125,8.7445707321167,-0.9690931439399719,1.9268203973770142
