time,seconds_elapsed,z,y,x
1664520574026537500,0.058537353515625,0.0706634521484375,0.11071789264678955,-0.28147590160369873
1664520575033482500,1.065482421875,0.011691093444824219,0.015615582466125488,-0.04889333248138428
1664520576040427300,2.07242724609375,-0.02406024932861328,-0.005580306053161621,-0.07002317905426025
1664520577047372300,3.079372314453125,0.9193181991577148,0.9187499284744263,0.14359450340270996
