time,seconds_elapsed,z,y,x
1664520574528954400,0.560954345703125,0.011147962883114815,0.004810422193259001,-0.012369656935334206
1664520575526309400,1.558309326171875,0.006261184345930815,0.01038440316915512,-0.01252236869186163
1664520576523664400,2.555664306640625,-0.37651097774505615,-0.1358371526002884,-0.3751365840435028
1664520577521019400,3.553019287109375,0.027411770075559616,0.14851224422454834,0.12071868777275085
