time,seconds_elapsed,z,y,x
1664520574528954400,0.560954345703125,0.0016798300202935934,0.0030542362947016954,-0.0005344913806766272
1664520575526309400,1.558309326171875,-0.0031305921729654074,0.00862821750342846,-0.000687203137204051
1664520576523664400,2.555664306640625,-0.3859791159629822,-0.13766969740390778,-0.3633013963699341
1664520577521019400,3.553019287109375,0.01794363744556904,0.14667969942092896,0.13247749209403992
