time,seconds_elapsed,z,y,x
1664520574053254100,0.085254150390625,9.783354759216309,0.8799605369567871,1.1623135805130005
1664520575012249000,1.0442490234375,9.703194618225098,0.8979067206382751,1.0821540355682373
1664520575971244300,2.003244384765625,9.755837440490723,0.8967102766036987,0.9732806086540222
1664520576930239500,2.962239501953125,11.49392318725586,-2.525923490524292,1.4676976203918457
1664520577889234700,3.921234619140625,9.111868858337402,-0.6332007050514221,1.311864972114563
