time,seconds_elapsed,z,y,x
1664520458924643300,0.548643310546875,9.486644744873047,-0.9236295223236084,2.439183473587036
1664520459922008000,1.546008056640625,9.49322509765625,-1.3564313650131226,1.689931035041809
1664520460919371000,2.54337109375,9.832706451416016,-1.215553879737854,0.4342973232269287
