time,seconds_elapsed,z,y,x
1664520458912553500,0.536553466796875,0.007024743594229221,-0.045737188309431076,-0.09781191498041153
1664520459909918000,1.53391796875,0.1889045089483261,0.10575293004512787,-0.0988045409321785
1664520460907281000,2.531281005859375,-0.04321744292974472,-0.035352785140275955,0.3294757306575775
