time,seconds_elapsed,z,y,x
1664520458417663200,0.041663330078125,9.36341381072998,-0.2476571500301361,2.025524377822876
1664520459376668000,1.00066796875,9.469894409179688,-1.4126626253128052,2.3030917644500732
1664520460335672600,1.959672607421875,9.502198219299316,-1.8086748123168945,0.6475576162338257
1664520461294675500,2.918675537109375,8.500203132629395,-0.3077768087387085,0.24047867953777313
