time,seconds_elapsed,z,y,x
1664520867814132500,0.600132568359375,9.780961990356445,-0.4244269132614136,1.1832507848739624
1664520868811505400,1.59750537109375,9.506086349487305,-0.5132604837417603,1.4422738552093506
1664520869808878300,2.59487841796875,10.339386940002441,-2.1894326210021973,2.7667012214660645
1664520870806251300,3.592251220703125,8.917152404785156,0.22761724889278412,0.7911269664764404
