time,seconds_elapsed,z,y,x
1664520867251662300,0.037662353515625,-0.0787496566772461,0.13029155135154724,-0.03710222244262695
1664520868258621700,1.04462158203125,0.005370140075683594,-0.07685792446136475,-0.021399378776550293
1664520869265584600,2.051584716796875,-0.05279350280761719,0.4225011467933655,-0.37040090560913086
1664520870272547800,3.0585478515625,-0.17079830169677734,-2.396125078201294,2.049675226211548
