time,seconds_elapsed,z,y,x
1664520867782862000,0.568862060546875,0.027946261689066887,-0.019470756873488426,-0.022677704691886902
1664520868780235000,1.566235107421875,-0.014965757727622986,-0.07406523078680038,-0.07513421028852463
1664520869777608000,2.56360791015625,0.10300412029027939,0.020692450925707817,0.053678203374147415
1664520870774980900,3.56098095703125,0.1420983374118805,0.1214822456240654,0.11751174181699753
