time,seconds_elapsed,z,y,x
1664520867782862000,0.568862060546875,0.037414394319057465,-0.01763821393251419,-0.03451287001371384
1664520868780235000,1.566235107421875,-0.005573981441557407,-0.072232685983181,-0.08696937561035156
1664520869777608000,2.56360791015625,0.11247225105762482,0.022524992004036903,0.04184303805232048
1664520870774980900,3.56098095703125,0.15149012207984924,0.12331479042768478,0.10575293004512787
