time,seconds_elapsed,z,y,x
1664520867297558000,0.08355810546875,9.638588905334473,-0.27756741642951965,0.9266205430030823
1664520868256566500,1.04256640625,9.755837440490723,-0.40229329466819763,1.236491084098816
1664520869215579100,2.0015791015625,9.06401252746582,-0.4345964193344116,2.155933141708374
1664520870174591500,2.960591552734375,7.7593255043029785,-1.714158296585083,1.7476578950881958
1664520871133603800,3.919603759765625,9.955936431884766,0.31375887989997864,0.40229329466819763
