time,seconds_elapsed,z,y,x
1664853725895163600,0.60616357421875,9.638588905334473,0.7564310431480408,-0.6675975322723389
1664853726892483300,1.6034833984375,10.245468139648438,-0.6705885529518127,-0.9804590940475464
1664853727889803000,2.600802978515625,9.384949684143066,-0.19740787148475647,-0.2760719060897827
