time,seconds_elapsed,z,y,x
1664853725863894800,0.574894775390625,0.05566345527768135,0.0165692325681448,-0.031153209507465363
1664853726861214500,1.57221435546875,0.36612656712532043,0.06055023521184921,-0.24617144465446472
1664853727858534100,2.5695341796875,-0.381474107503891,-0.11575555801391602,0.2483094036579132
