time,seconds_elapsed,z,y,x
1664853725863894800,0.574894775390625,0.04734066128730774,0.01748550310730934,-0.019470756873488426
1664853726861214500,1.57221435546875,0.3578037917613983,0.06146650388836861,-0.23448899388313293
1664853727858534100,2.5695341796875,-0.3897969126701355,-0.11483928561210632,0.259991854429245
