time,seconds_elapsed,z,y,x
1664853618088900000,0.600900146484375,9.683454513549805,0.9272187948226929,-0.8249256014823914
1664853619086218200,1.59821826171875,9.29312515258789,0.8665009140968323,0.786640465259552
1664853620083535600,2.59553564453125,11.09910774230957,-2.7140591144561768,1.648953914642334
1664853621080853000,3.59285302734375,8.656932830810547,0.5479564070701599,0.09960123896598816
