time,seconds_elapsed,z,y,x
1664853617440172500,-0.047827392578125,-0.03673553466796875,0.0940966010093689,-0.008046925067901611
1664853618447080400,0.95908056640625,-0.06274032592773438,-0.03437310457229614,-0.11194944381713867
1664853619453987800,1.96598779296875,-3.1355338096618652,1.2518377304077148,-1.8545470237731934
1664853620460895000,2.97289501953125,3.219050407409668,-3.3672432899475098,-0.8184971809387207
1664853621467801900,3.9798017578125,-0.9010734558105469,0.676590621471405,0.27733978629112244
