time,seconds_elapsed,z,y,x
1664853618048041700,0.560041748046875,0.0035123717971146107,-0.030389651656150818,0.025655584409832954
1664853619045359900,1.55735986328125,-0.36452311277389526,-0.45080527663230896,-0.18539214134216309
1664853620042677200,2.55467724609375,0.3926984369754791,-0.08719844371080399,-0.08299887180328369
1664853621039994600,3.55199462890625,-0.11934428662061691,0.26243525743484497,0.22395187616348267
