time,seconds_elapsed,z,y,x
1664853618048041700,0.560041748046875,0.011835165321826935,-0.03130592033267021,0.014049487188458443
1664853619045359900,1.55735986328125,-0.35620030760765076,-0.4516451954841614,-0.1969982385635376
1664853620042677200,2.55467724609375,0.40102121233940125,-0.08811471611261368,-0.0946049690246582
1664853621039994600,3.55199462890625,-0.11094513535499573,0.2615189850330353,0.21226942539215088
