time,seconds_elapsed,z,y,x
1664853617553198000,0.065197998046875,9.74506950378418,0.9684949517250061,-0.626022219657898
1664853618512157700,1.02415771484375,9.585947036743164,1.088136076927185,-0.5446662306785583
1664853619471117300,1.983117431640625,10.062417030334473,-2.132004976272583,-2.993720293045044
1664853620430076700,2.94207666015625,9.072386741638184,-3.3720853328704834,1.2269197702407837
1664853621389035500,3.901035400390625,9.412467002868652,1.205384373664856,1.2747762203216553
