time,seconds_elapsed,z,y,x
1664520584524192500,0.564192626953125,9.638887405395508,1.1072787046432495,1.3576277494430542
1664520585521550600,1.561550537109375,9.652048110961914,0.9963115453720093,1.3001999855041504
1664520586518909000,2.558908935546875,10.642677307128906,-2.0446670055389404,0.9071788787841797
1664520587516267300,3.556267333984375,9.806086540222168,0.877567708492279,-0.49591249227523804
