time,seconds_elapsed,z,y,x
1664520584502512600,0.5425126953125,0.013209572061896324,0.0038177953101694584,-0.024815669283270836
1664520585499870700,1.53987060546875,0.008704573847353458,-0.030466007068753242,-0.10246963053941727
1664520586497228800,2.537228759765625,0.644367516040802,0.6137487888336182,0.24617144465446472
1664520587494587100,3.534587158203125,-0.10254598408937454,-0.3282540440559387,-0.12041326612234116
