time,seconds_elapsed,z,y,x
1664520584502512600,0.5425126953125,0.0038177953101694584,0.001985253533348441,-0.0130568603053689
1664520585499870700,1.53987060546875,-0.0007635590736754239,-0.03229855000972748,-0.09071081876754761
1664520586497228800,2.537228759765625,0.634899377822876,0.6119162440299988,0.25800660252571106
1664520587494587100,3.534587158203125,-0.11201411485671997,-0.3300865888595581,-0.1086544543504715
