time,seconds_elapsed,z,y,x
1664520584007629600,0.047629638671875,9.208778381347656,1.2041879892349243,1.3609179258346558
1664520584966627300,1.00662744140625,9.648159980773926,1.0582258701324463,1.3334003686904907
1664520585925625300,1.965625244140625,9.297611236572266,0.7887341380119324,0.8668000102043152
1664520586884623600,2.92462353515625,3.9681973457336426,-0.4250251352787018,2.1822543144226074
1664520587843622100,3.8836220703125,9.365806579589844,1.3453645706176758,-0.017946170642971992
