time,seconds_elapsed,z,y,x
1664520747221964500,-0.002035400390625,-0.07667231559753418,-0.0032396316528320312,-0.0478672981262207
1664520748228919300,1.004919189453125,-1.7552249431610107,-8.177851676940918,0.13881206512451172
1664520749235873500,2.01187353515625,-1.1061406135559082,-0.35504865646362305,-0.32242822647094727
1664520750242827500,3.01882763671875,0.17002296447753906,0.1879427433013916,-0.25789594650268555
