time,seconds_elapsed,z,y,x
1664520747772340500,0.548340576171875,0.13446275889873505,-0.004428642801940441,0.1910424828529358
1664520748769705000,1.545705078125,0.4512633979320526,-0.6208499073982239,-0.15087927877902985
1664520749767069000,2.54306884765625,-0.08009734749794006,-0.007941014133393764,-0.0022143214009702206
