time,seconds_elapsed,z,y,x
1664520747772340500,0.548340576171875,0.12499462068080902,-0.006184828467667103,0.20280128717422485
1664520748769705000,1.545705078125,0.441795289516449,-0.6226824522018433,-0.13904410600662231
1664520749767069000,2.54306884765625,-0.08956547826528549,-0.009773556143045425,0.009544488042593002
