time,seconds_elapsed,z,y,x
1664520779201650400,0.552650390625,2.2345972061157227,-6.867999076843262,7.340581893920898
1664520780199026000,1.55002587890625,4.905585289001465,-4.777868747711182,5.780461311340332
