time,seconds_elapsed,z,y,x
1664520778639174000,-0.009826171875,0.009807109832763672,0.013410091400146484,0.03868579864501953
1664520779646139600,0.9971396484375,0.501526951789856,0.8678345680236816,0.996577262878418
1664520780653105400,2.00410546875,-1.245194435119629,-2.9694714546203613,3.3855202198028564
