time,seconds_elapsed,z,y,x
1664520779179970000,0.530969970703125,0.3205420970916748,-0.03634541109204292,-0.24288813769817352
1664520780177345800,1.528345703125,-0.6865923404693604,1.2015365362167358,0.48967042565345764
