time,seconds_elapsed,z,y,x
1664520778685069300,0.0360693359375,2.601297378540039,-5.462215900421143,7.694719314575195
1664520779644084500,0.99508447265625,0.46450668573379517,-9.662516593933105,10.354341506958008
1664520780603099400,1.954099365234375,11.683255195617676,-1.9043877124786377,3.0296125411987305
