time,seconds_elapsed,z,y,x
1664520598554338600,0.582338623046875,9.603294372558594,1.0812567472457886,1.285843014717102
1664520599551696400,1.5796962890625,10.56820011138916,-1.1880364418029785,0.3849453330039978
1664520600549054000,2.577053955078125,9.340981483459473,1.3692927360534668,0.029012974351644516
