time,seconds_elapsed,z,y,x
1664520597991879200,0.019879150390625,0.020356178283691406,0.03035128116607666,0.019833922386169434
1664520598998827000,1.026826904296875,-0.00016307830810546875,0.23855847120285034,-0.22885727882385254
1664520600005774800,2.03377490234375,-0.33205699920654297,-3.5486865043640137,2.3226425647735596
1664520601012722200,3.04072216796875,0.3540334701538086,-0.9211010336875916,-0.14678654074668884
