time,seconds_elapsed,z,y,x
1664520598523068700,0.551068603515625,0.05008947476744652,0.001985253533348441,-0.09872818738222122
1664520599520426500,1.548426513671875,0.6188646554946899,0.19150061905384064,0.08796200156211853
1664520600517784000,2.5457841796875,0.2038702666759491,0.005879404954612255,-0.012980503961443901
