time,seconds_elapsed,z,y,x
1664520598523068700,0.551068603515625,0.04062134400010109,0.00022906772210262716,-0.08696937561035156
1664520599520426500,1.548426513671875,0.6094728708267212,0.18966807425022125,0.09972081333398819
1664520600517784000,2.5457841796875,0.19440214335918427,0.004046862944960594,-0.0012216945178806782
