time,seconds_elapsed,z,y,x
1664520598028185600,0.056185546875,9.193224906921387,1.3704891204833984,1.4880366325378418
1664520598987183400,1.015183349609375,9.843474388122559,0.5338985323905945,1.4294124841690063
1664520599946181400,1.974181396484375,7.862216949462891,-0.1986042857170105,1.9716858863830566
1664520600905179000,2.933178955078125,8.359026908874512,1.5047863721847534,0.6690930128097534
