time,seconds_elapsed,z,y,x
1664520680644598000,0.550597900390625,7.019644260406494,-0.5198407173156738,5.364708423614502
1664520681641960200,1.547960205078125,6.567699909210205,-4.801497936248779,6.007181167602539
