time,seconds_elapsed,z,y,x
1664520680158855000,0.06485498046875,0.059584617614746094,-0.0009594857692718506,-0.0640878677368164
1664520681165806800,1.071806884765625,1.0033321380615234,1.686875343322754,1.487356185913086
1664520682172759000,2.078759033203125,-3.2816152572631836,0.8084378242492676,0.08416128158569336
