time,seconds_elapsed,z,y,x
1664520680622918100,0.528918212890625,0.0725381150841713,-1.154348611831665,-0.2725905776023865
1664520681620280300,1.5262802734375,0.805631160736084,0.5942016839981079,1.3572262525558472
