time,seconds_elapsed,z,y,x
1664520680622918100,0.528918212890625,0.08200624585151672,-1.152592420578003,-0.2843494117259979
1664520681620280300,1.5262802734375,0.81509929895401,0.5960342288017273,1.345467448234558
