time,seconds_elapsed,z,y,x
1664520680137621000,0.04362109375,9.698409080505371,0.33768710494041443,1.5131611824035645
1664520681096622600,1.00262255859375,2.2241287231445312,-2.8190441131591797,9.546464920043945
1664520682055624700,1.961624755859375,10.709975242614746,5.423930644989014,4.818247318267822
