time,seconds_elapsed,z,y,x
1664520616209475600,0.5914755859375,9.556933403015137,1.1527422666549683,-1.9899311065673828
1664520617206831600,1.58883154296875,9.87966537475586,0.28893333673477173,3.6966118812561035
