time,seconds_elapsed,z,y,x
1664520615714147300,0.096147216796875,-0.03489494323730469,-0.04630476236343384,-0.2596454620361328
1664520616721093600,1.10309375,0.3937816619873047,1.7322373390197754,0.6275191307067871
1664520617728040000,2.1100400390625,-1.0701990127563477,-2.4525787830352783,3.072774887084961
