time,seconds_elapsed,z,y,x
1664520616168615700,0.55061572265625,0.1730988472700119,-0.0034360159188508987,-0.06673506647348404
1664520617165972000,1.547971923828125,-0.5586197972297668,-0.6344412565231323,-0.1268271654844284
