time,seconds_elapsed,z,y,x
1664520616168615700,0.55061572265625,0.16363070905208588,-0.005268557462841272,-0.05497625470161438
1664520617165972000,1.547971923828125,-0.5680879354476929,-0.6362738013267517,-0.11506835371255875
