time,seconds_elapsed,z,y,x
1664520615673734000,0.05573388671875,9.674481391906738,0.3640081584453583,-1.8110675811767578
1664520616632730400,1.01473046875,9.848259925842285,-0.6092724800109863,-2.9566314220428467
1664520617591726800,1.973726806640625,8.764909744262695,-0.21176479756832123,3.528815269470215
1664520618550723300,2.932723388671875,9.114261627197266,4.0435709953308105,-0.8787640929222107
