time,seconds_elapsed,z,y,x
1664520477931959800,0.561959716796875,9.630513191223145,-0.6870391964912415,1.2233306169509888
1664520478929326800,1.559326904296875,11.000404357910156,-1.7587246894836426,0.8691928386688232
1664520479926694400,2.5566943359375,8.801698684692383,1.8681962490081787,-0.9873384237289429
