time,seconds_elapsed,z,y,x
1664520477359908600,-0.01009130859375,0.11330127716064453,-0.01865476369857788,-0.16219288110733032
1664520478366858800,0.996858642578125,0.03946399688720703,-0.8989077806472778,1.7774372100830078
1664520479373815600,2.003815673828125,5.377799034118652,-1.6687259674072266,1.1215460300445557
1664520480380773400,3.0107734375,3.293665885925293,-0.42843031883239746,1.0827219486236572
