time,seconds_elapsed,z,y,x
1664520477910280000,0.540280029296875,0.33260634541511536,0.01175880990922451,-0.1820324808359146
1664520478907646500,1.537646484375,0.3552076816558838,-0.04909684881567955,0.16989189386367798
1664520479905014300,2.53501416015625,-0.6568135023117065,0.3095468580722809,0.31954947113990784
1664520480902380500,3.532380615234375,-0.08521319180727005,-0.4619532525539398,-0.20333577692508698
