time,seconds_elapsed,z,y,x
1664520477910280000,0.540280029296875,0.32313820719718933,0.00992626789957285,-0.17019732296466827
1664520478907646500,1.537646484375,0.34573954343795776,-0.050929389894008636,0.18165069818496704
1664520479905014300,2.53501416015625,-0.6662816405296326,0.3077143132686615,0.3313846290111542
1664520480902380500,3.532380615234375,-0.09468132257461548,-0.4637857675552368,-0.1915769726037979
