time,seconds_elapsed,z,y,x
1664520477487078100,0.117078125,9.561420440673828,0.6505486369132996,1.0286146402359009
1664520478494029300,1.124029296875,9.751649856567383,-1.4500504732131958,2.152942180633545
1664520479500986600,2.130986572265625,5.928816318511963,0.3807578980922699,0.7462615370750427
1664520480507944200,3.137944091796875,4.595715045928955,2.8615167140960693,-2.4631118774414062
