time,seconds_elapsed,z,y,x
1664853748098520600,0.1455205078125,0,0,0
1664853749105432800,1.152432861328125,-0.02909374237060547,0.027125835418701172,0.007349133491516113
1664853750112345000,2.159344970703125,2.559915542602539,-0.4994438886642456,-0.6441490650177002
1664853751119257300,3.16625732421875,-0.7412996292114258,-0.08192968368530273,-0.08926481008529663
