time,seconds_elapsed,z,y,x
1664853748536280800,0.58328076171875,9.713663101196289,0.9855438470840454,-0.48514479398727417
1664853749533603300,1.580603271484375,9.652647018432617,0.7172485589981079,-0.9819545745849609
1664853750530926000,2.577926025390625,9.814460754394531,-0.5572285652160645,-1.0199406147003174
1664853751528248600,3.57524853515625,9.55633544921875,0.4043870270252228,-0.8222336769104004
