time,seconds_elapsed,z,y,x
1664853748505011700,0.55201171875,0.008246437646448612,0.01626380905508995,-0.015194825828075409
1664853749502334500,1.54933447265625,0.12033691257238388,0.06688777357339859,-0.16363070905208588
1664853750499657000,2.546656982421875,-0.007024743594229221,-0.09895725548267365,0.1713426560163498
1664853751496979700,3.543979736328125,-0.05932854115962982,0.019318044185638428,-0.16996824741363525
