time,seconds_elapsed,z,y,x
1664853748505011700,0.55201171875,-0.00007635590736754239,0.017180079594254494,-0.0035887276753783226
1664853749502334500,1.54933447265625,0.11201411485671997,0.06780404597520828,-0.1519482582807541
1664853750499657000,2.546656982421875,-0.015347537584602833,-0.09804098308086395,0.1829487532377243
1664853751496979700,3.543979736328125,-0.06765133142471313,0.02023431472480297,-0.15836215019226074
