time,seconds_elapsed,z,y,x
1664853748010163500,0.05716357421875,9.960722923278809,0.96370929479599,-0.2153540402650833
1664853748969127400,1.01612744140625,9.903294563293457,1.0091729164123535,-0.5315057039260864
1664853749928091600,1.975091552734375,7.712665557861328,0.08374879509210587,-2.0027925968170166
1664853750887055600,2.9340556640625,7.121339321136475,-0.6296114325523376,-1.2819547653198242
1664853751846019800,3.893019775390625,9.60628604888916,0.3640081584453583,-0.7767700552940369
