time,seconds_elapsed,z,y,x
1664520651561439500,0.044439453125,0.004874229431152344,-0.006209671497344971,0.02155756950378418
1664520652568386600,1.051386474609375,0.019537925720214844,0.46664607524871826,0.12936103343963623
1664520653575334000,2.058333984375,5.072690963745117,-7.310705184936523,-3.9662978649139404
1664520654582282000,3.065281982421875,0.6766681671142578,-1.0678620338439941,0.9232586026191711
