time,seconds_elapsed,z,y,x
1664520652114308000,0.59730810546875,9.693025588989258,0.6278168559074402,-1.3310075998306274
1664520653111665400,1.59466552734375,11.542078971862793,-1.6968103647232056,0.07118647545576096
1664520654109023500,2.5920234375,8.804390907287598,1.3450654745101929,0.8186444640159607
