time,seconds_elapsed,z,y,x
1664520652073448200,0.5564482421875,0.045355409383773804,0.0716218426823616,-0.030542362481355667
1664520653070805500,1.553805419921875,-0.7987591624259949,-0.41675055027008057,0.49356457591056824
1664520654068163600,2.55116357421875,0.19264595210552216,0.2262425571680069,-0.1623326539993286
1664520655065522000,3.54852197265625,-0.08422056585550308,-0.04130854457616806,0.060092099010944366
