time,seconds_elapsed,z,y,x
1664520652073448200,0.5564482421875,0.05474718660116196,0.07345438003540039,-0.04230117425322533
1664520653070805500,1.553805419921875,-0.7893673777580261,-0.41499435901641846,0.4817294180393219
1664520654068163600,2.55116357421875,0.2020377367734909,0.22807510197162628,-0.17409147322177887
1664520655065522000,3.54852197265625,-0.07475243508815765,-0.039476003497838974,0.048333290964365005
