time,seconds_elapsed,z,y,x
1664520651578566000,0.06156591796875,9.75344467163086,0.49202415347099304,-1.0654042959213257
1664520652537563000,1.02056298828125,9.490233421325684,-0.33768710494041443,-2.495713949203491
1664520653496560400,1.979560302734375,9.014959335327148,-2.8034908771514893,-2.4011974334716797
1664520654455558400,2.938558349609375,9.951150894165039,2.33180570602417,0.8066803216934204
1664520655414557000,3.897556884765625,9.040083885192871,3.7384862899780273,0.5841478109359741
