time,seconds_elapsed,z,y,x
1664520608866911200,0.0449111328125,-0.02208709716796875,0.16668538749217987,0.01426541805267334
1664520609873858000,1.051858154296875,3.0250768661499023,0.5146842002868652,-1.6154615879058838
1664520610880804600,2.0588046875,-0.523076057434082,-0.5274521112442017,-0.7764295339584351
