time,seconds_elapsed,z,y,x
1664520609410189600,0.588189453125,10.689336776733398,-0.06610172241926193,-1.3968101739883423
1664520610407546000,1.585546142578125,9.004490852355957,-0.376570463180542,0.4507479667663574
