time,seconds_elapsed,z,y,x
1664520609378919700,0.556919677734375,0.05047125369310379,-0.031229566782712936,-0.1901262104511261
1664520610376276200,1.554276123046875,-0.7943304777145386,-0.21646900475025177,0.24640052020549774
