time,seconds_elapsed,z,y,x
1664520609378919700,0.556919677734375,0.05993938818573952,-0.029473381116986275,-0.20196136832237244
1664520610376276200,1.554276123046875,-0.7848623991012573,-0.21463645994663239,0.2345653474330902
