time,seconds_elapsed,z,y,x
1664520608884037600,0.06203759765625,9.562018394470215,0.3723830282688141,-1.6722838878631592
1664520609843034600,1.02103466796875,12.923336029052734,-2.659921407699585,3.0571300983428955
1664520610802031000,1.980031005859375,10.860722541809082,1.119242787361145,-0.02153540402650833
