time,seconds_elapsed,z,y,x
1664520501818090500,0.531090576171875,-0.6565844416618347,0.5578562617301941,0.053678203374147415
1664520502815442700,1.528442626953125,0.6284091472625732,-0.5500679612159729,0.004810422193259001
1664520503812795000,2.525794921875,0.42751672863960266,-0.8270871639251709,0.36093437671661377
