time,seconds_elapsed,z,y,x
1664520501818090500,0.531090576171875,-0.6471163034439087,0.5596888065338135,0.04184303805232048
1664520502815442700,1.528442626953125,0.6378772258758545,-0.5482354164123535,-0.006948387715965509
1664520503812795000,2.525794921875,0.4369085133075714,-0.8252546191215515,0.34909921884536743
