time,seconds_elapsed,z,y,x
1664520501251046700,-0.035953369140625,4.137489318847656,-5.191527843475342,-7.2457661628723145
1664520502257988900,0.97098876953125,0.797109067440033,-12.678969383239746,-6.617650032043457
1664520503264930800,1.977930908203125,4.345664978027344,-5.688038349151611,-6.4947190284729
1664520504271873000,2.984873046875,9.367302894592285,0.05742774158716202,-2.7559335231781006
