time,seconds_elapsed,z,y,x
1664520491255831300,0.044831298828125,-0.1502535343170166,0.047048091888427734,0.025589466094970703
1664520492262776300,1.0517763671875,0.6871566772460938,-5.451343059539795,-1.2261309623718262
1664520493269720800,2.058720947265625,0.5994467735290527,0.23237371444702148,0.4521322250366211
1664520494276665000,3.0656650390625,0.09217214584350586,-0.21152639389038086,0.06935501098632812
