time,seconds_elapsed,z,y,x
1664520491808698000,0.597697998046875,2.83878493309021,-10.338190078735352,3.941577196121216
1664520492806052900,1.595052978515625,3.6197423934936523,-5.7424750328063965,5.080859661102295
1664520493803407000,2.592406982421875,4.373780727386475,-6.679564476013184,5.769992828369141
