time,seconds_elapsed,z,y,x
1664520491777428200,0.56642822265625,0.18157434463500977,-0.3268796503543854,-0.1540098637342453
1664520492774783000,1.563782958984375,-0.4354577362537384,0.42812758684158325,-0.007406522985547781
1664520493772137200,2.56113720703125,0.06306997686624527,-0.009239064529538155,-0.08376242965459824
