time,seconds_elapsed,z,y,x
1664520491777428200,0.56642822265625,0.17210622131824493,-0.3286358118057251,-0.14225105941295624
1664520492774783000,1.563782958984375,-0.44492587447166443,0.42629504203796387,0.004352286923676729
1664520493772137200,2.56113720703125,0.05360184609889984,-0.011071606539189816,-0.0719272643327713
