time,seconds_elapsed,z,y,x
1664520859931054000,0.59805419921875,9.541679382324219,-1.3627125024795532,1.9016958475112915
1664520860928427000,1.595427001953125,9.268000602722168,-1.5873386859893799,2.27168607711792
1664520861925800000,2.592800048828125,10.4252290725708,-2.287538528442383,2.9775686264038086
1664520862923172900,3.5901728515625,8.698508262634277,0.8428717851638794,0.5048855543136597
