time,seconds_elapsed,z,y,x
1664520859397350400,0.064350341796875,-0.0127410888671875,0.05252981185913086,-0.036590576171875
1664520860404313600,1.071313720703125,-0.005093574523925781,-0.01963329315185547,0.008806347846984863
1664520861411276800,2.07827685546875,-0.08220863342285156,0.46549808979034424,-0.05892062187194824
1664520862418239700,3.08523974609375,-0.3697328567504883,-3.9299569129943848,1.694793939590454
1664520863425203000,4.092202880859375,-0.06827926635742188,0.19802290201187134,0.017833516001701355
