time,seconds_elapsed,z,y,x
1664520859899783700,0.56678369140625,0.04352286830544472,-0.02993151545524597,0.012751436792314053
1664520860897156600,1.564156494140625,0.03161134570837021,-0.09269607067108154,-0.09979717433452606
1664520861894529800,2.56152978515625,0.037948887795209885,0.20486289262771606,0.2289150059223175
1664520862891902500,3.55890234375,0.325047105550766,0.17958909273147583,0.045737188309431076
