time,seconds_elapsed,z,y,x
1664520859899783700,0.56678369140625,0.034131091088056564,-0.03176405653357506,0.024510245770215988
1664520860897156600,1.564156494140625,0.02214321307837963,-0.09452861547470093,-0.0880383625626564
1664520861894529800,2.56152978515625,0.028480753302574158,0.20303036272525787,0.24075017869472504
1664520862891902500,3.55890234375,0.31565532088279724,0.17775654792785645,0.057496000081300735
