time,seconds_elapsed,z,y,x
1664520900324658200,0.557658203125,9.654142379760742,-1.440778374671936,-1.1132607460021973
1664520901322030800,1.55503076171875,9.578767776489258,-1.1135598421096802,-1.4156537055969238
1664520902319403500,2.552403564453125,9.59372329711914,-1.114457130432129,-2.3814568519592285
1664520903316776200,3.549776123046875,9.598209381103516,1.1901301145553589,-0.8982058167457581
