time,seconds_elapsed,z,y,x
1664520899877266000,0.110265869140625,-0.015013694763183594,0.04382908344268799,-0.02522861957550049
1664520900884228900,1.117228759765625,0.05073356628417969,-0.04693806171417236,0.09811568260192871
1664520901891191600,2.124191650390625,0.08631229400634766,0.8874096274375916,0.4449801445007324
1664520902898154500,3.131154541015625,-3.5915207862854004,-1.3439993858337402,-1.1546781063079834
