time,seconds_elapsed,z,y,x
1664520900302977800,0.535977783203125,0.1146102175116539,-0.013209572061896324,-0.06291726976633072
1664520901300350700,1.533350830078125,-0.14736689627170563,0.19745637476444244,0.07230904698371887
1664520902297723400,2.530723388671875,-0.5053234100341797,-0.13148486614227295,0.42514967918395996
1664520903295096000,3.528095947265625,0.20730629563331604,0.00786465872079134,-0.12430741637945175
