time,seconds_elapsed,z,y,x
1664520900302977800,0.535977783203125,0.10514208674430847,-0.015042114071547985,-0.051082100719213486
1664520901300350700,1.533350830078125,-0.15683503448963165,0.19562382996082306,0.0841442123055458
1664520902297723400,2.530723388671875,-0.5147915482521057,-0.13331741094589233,0.4369085133075714
1664520903295096000,3.528095947265625,0.19783815741539001,0.006032116711139679,-0.11247225105762482
