time,seconds_elapsed,z,y,x
1664520899808080100,0.041080078125,9.611071586608887,-1.3752747774124146,-1.0618150234222412
1664520900767092200,1.00009228515625,9.771389961242676,-1.7153546810150146,-0.9613165259361267
1664520901726104600,1.9591044921875,9.964311599731445,-0.22851456701755524,-2.4598217010498047
1664520902685116700,2.91811669921875,5.3940205574035645,0.0729810893535614,-1.561017632484436
1664520903644128800,3.877128662109375,9.264111518859863,1.0857433080673218,-0.9038887619972229
