time,seconds_elapsed,z,y,x
1664853600121357300,0.081357421875,0.042092323303222656,0.09914851188659668,-0.08585739135742188
1664853601128263000,1.088262939453125,0.2981700897216797,-0.2048984169960022,-0.12420880794525146
1664853602135169000,2.0951689453125,0.9485073089599609,-1.1768450736999512,-0.8445860743522644
1664853603142075400,3.102075439453125,-0.9213600158691406,-0.5086690187454224,0.37469732761383057
