time,seconds_elapsed,z,y,x
1664853600607059700,0.567059814453125,9.716355323791504,0.8374879360198975,-1.5649060010910034
1664853601604376300,1.564376220703125,10.268199920654297,-0.3981058597564697,-1.3543375730514526
1664853602601693200,2.561693115234375,9.118449211120605,0.009272187948226929,-0.3035893738269806
