time,seconds_elapsed,z,y,x
1664853600575791000,0.535791015625,-0.031229566782712936,0.005879404954612255,-0.06765133142471313
1664853601573107700,1.533107666015625,0.22700610756874084,-0.06681142002344131,-0.21952323615550995
1664853602570424300,2.53042431640625,-0.13957859575748444,-0.08605311065912247,0.3408527672290802
