time,seconds_elapsed,z,y,x
1664853600575791000,0.535791015625,-0.022906772792339325,0.004963133949786425,-0.07933378964662552
1664853601573107700,1.533107666015625,0.23540526628494263,-0.06772769242525101,-0.23112933337688446
1664853602570424300,2.53042431640625,-0.13125580549240112,-0.08696937561035156,0.3291703164577484
