time,seconds_elapsed,z,y,x
1664853600100128500,0.06012841796875,9.621838569641113,1.067797064781189,-1.4952150583267212
1664853601059086300,1.01908642578125,9.17886734008789,0.7648059129714966,-2.196611166000366
1664853602018044400,1.97804443359375,12.102298736572266,-2.580958366394043,-1.7620147466659546
1664853602977002800,2.937002685546875,8.512166976928711,1.3932210206985474,0.22971096634864807
