time,seconds_elapsed,z,y,x
1664853736673899300,0.585899169921875,9.792925834655762,-0.3574278950691223,0.20099709928035736
1664853737671220700,1.583220703125,9.734899520874023,-0.5255236625671387,-0.31854450702667236
1664853738668542200,2.580542236328125,10.220941543579102,-1.7267206907272339,-0.5964110493659973
