time,seconds_elapsed,z,y,x
1664853736236140000,0.14814013671875,0,0,0
1664853737243051000,1.155051025390625,0.07715797424316406,-0.03349214792251587,0.1551898717880249
1664853738249962200,2.161962158203125,0.3762798309326172,0.7040525674819946,0.09216234087944031
1664853739256873500,3.16887353515625,-1.8099794387817383,-1.2953957319259644,0.024153858423233032
