time,seconds_elapsed,z,y,x
1664853736652220000,0.564219970703125,-0.000687203137204051,0.0198525357991457,-0.06284090876579285
1664853737649541400,1.561541259765625,0.0662769302725792,0.08284615725278854,-0.04474456235766411
1664853738646862800,2.55886279296875,0.041384901851415634,-0.038788799196481705,0.06749862432479858
