time,seconds_elapsed,z,y,x
1664853736652220000,0.564219970703125,-0.00908635277301073,0.02076880633831024,-0.05123481526970863
1664853737649541400,1.561541259765625,0.05787777900695801,0.08376242965459824,-0.03306210786104202
1664853738646862800,2.55886279296875,0.03306210786104202,-0.03787253051996231,0.07918107509613037
