time,seconds_elapsed,z,y,x
1664853736157373000,0.069373046875,9.032905578613281,-0.259621262550354,0.26201409101486206
1664853737116335900,1.0283359375,9.650552749633789,-0.6667001843452454,-0.20578274130821228
1664853738075298800,1.987298828125,9.388538360595703,-0.385543555021286,-0.9780662655830383
1664853739034261800,2.94626171875,8.68445110321045,-0.7528418302536011,-0.6200401782989502
