time,seconds_elapsed,z,y,x
1664853607713948400,0.582948486328125,9.821640014648438,0.3646063506603241,-0.37447673082351685
1664853608711267600,1.580267578125,10.472786903381348,-0.6562315821647644,-0.34307095408439636
1664853609708586200,2.577586181640625,9.018847465515137,-0.07328019291162491,0.45164528489112854
