time,seconds_elapsed,z,y,x
1664853607170706000,0.039705810546875,0.1638317108154297,-0.017266392707824707,0.04222235083580017
1664853608177614300,1.0466142578125,0.21809768676757812,-0.09519943594932556,0.022820472717285156
1664853609184522800,2.053522705078125,2.487152099609375,-0.5135906934738159,-1.2203006744384766
1664853610191431200,3.06043115234375,-0.3809995651245117,-0.4223533272743225,0.44971948862075806
