time,seconds_elapsed,z,y,x
1664853607682679800,0.5516796875,0.03290939703583717,0.020463382825255394,-0.012904148548841476
1664853608679998700,1.548998779296875,0.43377789855003357,-0.1543152928352356,-0.26877278089523315
1664853609677317600,2.546317626953125,-0.4724139869213104,0.1185043677687645,0.2044047713279724
