time,seconds_elapsed,z,y,x
1664853607197425000,0.0664248046875,9.329915046691895,0.4178466498851776,-0.17587246000766754
1664853608156385300,1.02538525390625,10.04447078704834,0.5003990530967712,-0.5829514265060425
1664853609115345700,1.984345703125,8.825926780700684,-0.1950150430202484,0.8644071817398071
1664853610074306300,2.943306396484375,9.291629791259766,0.35443684458732605,0.009571290574967861
