time,seconds_elapsed,z,y,x
1664520908939935000,0.08593505859375,0.010905265808105469,0.046146392822265625,-0.001934647560119629
1664520909946899000,1.09289892578125,-0.011115074157714844,-0.01872575283050537,0.023165225982666016
1664520910953863000,2.09986279296875,0.031968116760253906,0.18746709823608398,0.09728538990020752
1664520911960827100,3.1068271484375,-0.35208797454833984,-1.340484380722046,-1.878012776374817
