time,seconds_elapsed,z,y,x
1664520909404008200,0.55000830078125,0.0023670331574976444,0.0015271181473508477,-0.014660334214568138
1664520910401382100,1.547382080078125,0.07375980913639069,0.022066857665777206,-0.0781884491443634
1664520911398756400,2.54475634765625,-0.30725616216659546,0.20974968373775482,0.12575818598270416
