time,seconds_elapsed,z,y,x
1664520909404008200,0.55000830078125,-0.007101099472492933,-0.00030542362947016954,-0.0028251686599105597
1664520910401382100,1.547382080078125,0.06436803191900253,0.02023431472480297,-0.06635328382253647
1664520911398756400,2.54475634765625,-0.3167243003845215,0.20791713893413544,0.13751699030399323
