time,seconds_elapsed,z,y,x
1664520908918699500,0.064699462890625,9.679266929626465,-1.4760724306106567,-1.4952150583267212
1664520909877712600,1.023712646484375,9.644570350646973,-1.4940186738967896,-1.3453645706176758
1664520910836726300,1.982726318359375,9.432806015014648,-1.9836499691009521,-1.8182461261749268
1664520911795739600,2.94173974609375,9.174081802368164,-1.9836499691009521,-3.5742788314819336
