time,seconds_elapsed,z,y,x
1664520442335079400,0.548079345703125,10.623534202575684,-0.7884350419044495,-0.3167499005794525
1664520443332429000,1.545428955078125,8.714061737060547,0.36311084032058716,0.19710876047611237
