time,seconds_elapsed,z,y,x
1664520441916476400,0.129476318359375,0.007122993469238281,0.20429900288581848,0.26439380645751953
1664520442923415800,1.136415771484375,0.27052974700927734,-1.3571676015853882,0.11530443280935287
1664520443930355500,2.14335546875,-0.554011344909668,1.0003914833068848,0.08823961764574051
