time,seconds_elapsed,z,y,x
1664520442322989300,0.5359892578125,0.15477342903614044,-0.039857782423496246,-0.13530266284942627
1664520443320339000,1.5333388671875,-0.11567919701337814,-0.025350160896778107,0.15294088423252106
