time,seconds_elapsed,z,y,x
1664520442322989300,0.5359892578125,0.14530529081821442,-0.04169032722711563,-0.12346750497817993
1664520443320339000,1.5333388671875,-0.12514732778072357,-0.027182703837752342,0.1647760421037674
