time,seconds_elapsed,z,y,x
1664520441755948000,-0.031052001953125,9.85274600982666,0.06281159073114395,-0.10378868132829666
1664520442762887400,0.975887451171875,9.384052276611328,-0.5769693851470947,0.28923243284225464
1664520443769827000,1.9828271484375,9.019744873046875,0.22642084956169128,0.14117653667926788
