time,seconds_elapsed,z,y,x
1664520467555636500,0.593636474609375,9.544371604919434,-0.3616153299808502,2.2172493934631348
1664520468552991200,1.5909912109375,9.522835731506348,-0.7680960893630981,1.858924150466919
1664520469550345700,2.588345703125,10.785049438476562,-1.7530417442321777,1.3950155973434448
