time,seconds_elapsed,z,y,x
1664520467514776600,0.552776611328125,0.01695101149380207,0.011377030052244663,-0.06139015033841133
1664520468512131300,1.55013134765625,-0.06826218217611313,0.11048699915409088,-0.11254860460758209
1664520469509486000,2.547486083984375,0.15973655879497528,0.04146125912666321,0.1346154659986496
