time,seconds_elapsed,z,y,x
1664520467514776600,0.552776611328125,0.007559234742075205,0.009544488042593002,-0.049554985016584396
1664520468512131300,1.55013134765625,-0.07773031294345856,0.1086544543504715,-0.10078980028629303
1664520469509486000,2.547486083984375,0.15034478902816772,0.03962871432304382,0.14637427031993866
