time,seconds_elapsed,z,y,x
1664520467029485800,0.06748583984375,8.870193481445312,0.2946162819862366,2.8477580547332764
1664520467988481300,1.026481201171875,9.63619613647461,-0.4668995141983032,2.293520450592041
1664520468947476500,1.9854765625,9.35025405883789,-1.2783654928207397,1.4521442651748657
1664520469906471200,2.94447119140625,16.75992774963379,-2.3545374870300293,4.071088790893555
