time,seconds_elapsed,z,y,x
1664520424842119200,0.569119140625,10.025328636169434,-0.18095721304416656,0.21176479756832123
1664520425839466500,1.566466552734375,9.412467002868652,-0.010468599386513233,0.33798620104789734
