time,seconds_elapsed,z,y,x
1664520424394748700,0.121748779296875,0.009741783142089844,-0.022203445434570312,0.004552111029624939
1664520425401685800,1.128685791015625,2.3831310272216797,-1.423749566078186,-0.9616361856460571
1664520426408622800,2.135622802734375,-0.181396484375,-0.8293753862380981,0.5026636123657227
