time,seconds_elapsed,z,y,x
1664520424820439600,0.547439453125,0.09078717231750488,-0.0328330397605896,-0.18913358449935913
1664520425817786600,1.54478662109375,-0.03504735976457596,0.00015271181473508477,0.3213820159435272
1664520426815134000,2.542134033203125,-0.08582404255867004,-0.08231166750192642,-0.3694098889827728
