time,seconds_elapsed,z,y,x
1664520424234220800,-0.038779296875,9.75224781036377,0.628415048122406,-0.16510476171970367
1664520425241157600,0.96815771484375,11.864810943603516,-1.8714864253997803,-0.37028929591178894
1664520426248094700,1.9750947265625,9.081958770751953,1.683051586151123,0.00687936507165432
