time,seconds_elapsed,z,y,x
1664520436679393000,0.02939306640625,0.03484058380126953,-0.034455448389053345,-0.08307802677154541
1664520437686332000,1.036331787109375,4.640314102172852,-1.9993232488632202,-0.42492735385894775
