time,seconds_elapsed,z,y,x
1664520437203484400,0.553484375,10.861021995544434,-0.2745763957500458,-0.5126622319221497
1664520438200833500,1.55083349609375,8.589934349060059,0.49172505736351013,-0.5282155871391296
