time,seconds_elapsed,z,y,x
1664520437181804500,0.531804443359375,0.22792237997055054,-0.052609220147132874,-0.07375980913639069
1664520438179153700,1.529153564453125,-0.2588465213775635,-0.03268032893538475,0.16408884525299072
