time,seconds_elapsed,z,y,x
1664520437181804500,0.531804443359375,0.2373141646385193,-0.05077667906880379,-0.08559497445821762
1664520438179153700,1.529153564453125,-0.24945475161075592,-0.030847785994410515,0.15233004093170166
