time,seconds_elapsed,z,y,x
1664520436720252400,0.07025244140625,9.991828918457031,0.6032904386520386,0.20518454909324646
1664520437727191600,1.077191650390625,9.310771942138672,0.05054837837815285,0.7540382146835327
