time,seconds_elapsed,z,y,x
1664853766516861400,0.584861328125,9.661320686340332,0.9732806086540222,-0.5919244885444641
1664853767514184700,1.582184814453125,9.751649856567383,0.7016952633857727,-0.8356932997703552
1664853768511513600,2.579513671875,9.788738250732422,0.7498508095741272,-0.7076773047447205
1664853769508850400,3.576850341796875,9.80219841003418,0.6008976101875305,-0.6173482537269592
1664853770506188000,4.57418798828125,10.104291915893555,0.2027917206287384,-1.3522439002990723
