time,seconds_elapsed,z,y,x
1664853766069511200,0.13751123046875,0,0,0
1664853767076424000,1.144423828125,0.014243125915527344,0.01429760456085205,-0.012578845024108887
1664853768083337200,2.151337158203125,0.00001430511474609375,-0.04146522283554077,-0.03146028518676758
1664853769090257700,3.158257568359375,0.00032138824462890625,0.005120456218719482,0.046162188053131104
1664853770097184800,4.165184814453125,0.3813362121582031,-0.08639466762542725,0.2491527795791626
1664853771104112000,5.172112060546875,-0.6190652847290039,-1.875212550163269,0.3978678584098816
