time,seconds_elapsed,z,y,x
1664853766485592300,0.55359228515625,0.022677704691886902,0.05337277799844742,-0.011377030052244663
1664853767482915600,1.55091552734375,-0.029320668429136276,0.010842538438737392,-0.01916533336043358
1664853768480244500,2.548244384765625,-0.003970507066696882,-0.028098974376916885,0.013973130844533443
1664853769477581000,3.5455810546875,-0.01710372418165207,0.0036650835536420345,-0.039170581847429276
1664853770474919000,4.5429189453125,-0.0029015245381742716,-0.036727190017700195,-0.04718795046210289
1664853771472255500,5.54025537109375,-0.06261184066534042,0.002061609411612153,0.07276718318462372
