time,seconds_elapsed,z,y,x
1664853766485592300,0.55359228515625,0.031076854094862938,0.052456509321928024,-0.023059483617544174
1664853767482915600,1.55091552734375,-0.02092151902616024,0.00992626789957285,-0.030847785994410515
1664853768480244500,2.548244384765625,0.004352286923676729,-0.02901524491608143,0.0022906772792339325
1664853769477581000,3.5455810546875,-0.008780929259955883,0.002748812548816204,-0.05085303261876106
1664853770474919000,4.5429189453125,0.005421269219368696,-0.03764346241950989,-0.058870404958724976
1664853771472255500,5.54025537109375,-0.05421269312500954,0.0011453386396169662,0.061084724962711334
