time,seconds_elapsed,z,y,x
1664520508373860400,-0.0241396484375,0.04663705825805664,0.03530263900756836,-0.3218402862548828
1664520509380802300,0.98280224609375,-1.160630464553833,-1.6703863143920898,-1.008072853088379
1664520510387744300,1.989744140625,-1.4599242210388184,-6.83494758605957,-6.978245735168457
1664520511394686500,2.9966865234375,0.5015907287597656,1.010990858078003,-0.07544338703155518
