time,seconds_elapsed,z,y,x
1664520508943404000,0.545404052734375,-0.9976662993431091,0.5998520255088806,-0.15843850374221802
1664520509940756200,1.542756103515625,1.1971079111099243,-0.9824714660644531,0.5540384650230408
1664520510938108200,2.540108154296875,0.1814979910850525,-0.3010713458061218,0.1181989461183548
