time,seconds_elapsed,z,y,x
1664520508943404000,0.545404052734375,-1.007058024406433,0.5980194807052612,-0.14660334587097168
1664520509940756200,1.542756103515625,1.187639832496643,-0.9843040108680725,0.5657972693443298
1664520510938108200,2.540108154296875,0.17202985286712646,-0.3029038906097412,0.13003410398960114
