time,seconds_elapsed,z,y,x
1664520508501029400,0.103029296875,5.774479389190674,-2.6297121047973633,-6.9705915451049805
1664520509507971300,1.109971435546875,2.7086751461029053,-13.50568962097168,-5.602196216583252
1664520510514913300,2.116913330078125,5.243870735168457,0.09062815457582474,-3.7588253021240234
