time,seconds_elapsed,z,y,x
1664853906891125800,0.592125732421875,9.789935111999512,-0.06729813665151596,-0.267397940158844
1664853907888461600,1.589461669921875,9.879067420959473,-0.9562317728996277,-0.3239283561706543
1664853908885798100,2.586798095703125,9.354740142822266,-1.980958104133606,0.1657029688358307
