time,seconds_elapsed,z,y,x
1664853906443764700,0.1447646484375,0,0,0
1664853907450690300,1.151690185546875,-0.010558128356933594,0.08704635500907898,-0.009747862815856934
1664853908457616100,2.1586162109375,1.8514633178710938,-1.0148966312408447,0.09062635898590088
1664853909464542500,3.16554248046875,0.36391258239746094,-0.48013919591903687,-0.613182783126831
