time,seconds_elapsed,z,y,x
1664853906859856400,0.5608564453125,0.0462716780602932,0.027259059250354767,-0.05016583204269409
1664853907857192400,1.5581923828125,0.09261971712112427,-0.1283542811870575,-0.24403348565101624
1664853908854529000,2.555529052734375,-0.014813045971095562,0.12736165523529053,0.4389701187610626
