time,seconds_elapsed,z,y,x
1664853906859856400,0.5608564453125,0.05459447205066681,0.026342788711190224,-0.06184828653931618
1664853907857192400,1.5581923828125,0.10094250738620758,-0.1292705535888672,-0.25563958287239075
1664853908854529000,2.555529052734375,-0.0064902519807219505,0.12644538283348083,0.42728766798973083
