time,seconds_elapsed,z,y,x
1664853906427085300,0.128085205078125,9.279366493225098,0.21684955060482025,0.1414756327867508
1664853907434010600,1.1350107421875,9.723533630371094,-0.30508488416671753,-0.5237290859222412
1664853908440936700,2.141936767578125,11.542078971862793,-3.4402806758880615,1.1165509223937988
1664853909447863000,3.148863037109375,9.917950630187988,0.2706880569458008,-0.26620152592658997
