time,seconds_elapsed,z,y,x
1664853758873915100,0.5969150390625,9.719645500183105,0.7830511927604675,-0.5285146832466125
1664853759871238100,1.594238037109375,9.910174369812012,-0.4462614357471466,-2.0629122257232666
1664853760868561200,2.59156103515625,9.332606315612793,-0.6538388133049011,-0.6855437159538269
