time,seconds_elapsed,z,y,x
1664853758842646000,0.56564599609375,0.024586603045463562,0.039476003497838974,-0.03008422814309597
1664853759839969000,1.562968994140625,0.12988139688968658,0.13469181954860687,-0.28702184557914734
1664853760837292000,2.5602919921875,-0.3248180150985718,-0.18607935309410095,0.2865637242794037
