time,seconds_elapsed,z,y,x
1664853758842646000,0.56564599609375,0.03290939703583717,0.03855973482131958,-0.04169032722711563
1664853759839969000,1.562968994140625,0.13828055560588837,0.13377554714679718,-0.2987042963504791
1664853760837292000,2.5602919921875,-0.31649523973464966,-0.18699561059474945,0.2748812735080719
