time,seconds_elapsed,z,y,x
1664853758347797500,0.070797607421875,9.572786331176758,0.783948540687561,-0.2874378263950348
1664853759306762000,1.029761962890625,9.21715259552002,0.44416770339012146,-0.8524430394172668
1664853760265726200,1.988726318359375,10.779366493225098,-2.304288148880005,-1.9283159971237183
1664853761224690700,2.947690673828125,9.119047164916992,0.015553346835076809,-0.9912267923355103
