time,seconds_elapsed,z,y,x
1664853913297098000,0.608097900390625,9.657432556152344,0.706480860710144,-0.17766708135604858
1664853914294436000,1.60543603515625,10.94267749786377,-1.2475578784942627,0.4462614357471466
1664853915291774700,2.602774658203125,8.607880592346191,0.030508488416671753,0.3487538993358612
