time,seconds_elapsed,z,y,x
1664853913265828600,0.57682861328125,0.015423892997205257,0.007941014133393764,0.02870982140302658
1664853914263166700,1.574166748046875,0.25625041127204895,-0.13270656764507294,-0.31916770339012146
1664853915260505300,2.57150537109375,-0.28786176443099976,0.0713164210319519,0.23112933337688446
