time,seconds_elapsed,z,y,x
1664853913265828600,0.57682861328125,0.007101099472492933,0.008857285603880882,0.04031591862440109
1664853914263166700,1.574166748046875,0.24792763590812683,-0.13179029524326324,-0.3074852526187897
1664853915260505300,2.57150537109375,-0.29626092314720154,0.072232685983181,0.24273543059825897
