time,seconds_elapsed,z,y,x
1664853912871414800,0.182414794921875,9.64965534210205,0.48424747586250305,-0.17946170270442963
1664853913878342400,1.18934228515625,9.75643539428711,0.6116653084754944,0.2793620526790619
1664853914832769500,2.14376953125,9.655338287353516,-0.7301099896430969,0.9038887619972229
1664853915791749400,3.102749267578125,9.631410598754883,0.6236293911933899,0.3041875660419464
