time,seconds_elapsed,z,y,x
1664520842480421000,0.073421142578125,0.052376747131347656,-0.023488342761993408,-0.14527761936187744
1664520843487376400,1.08037646484375,0.031764984130859375,-0.054417431354522705,-0.08892977237701416
1664520844494332200,2.087332275390625,4.209140777587891,-6.753317832946777,-6.977736949920654
1664520845501288200,3.0942880859375,1.137516975402832,-1.6137142181396484,4.609668731689453
1664520846508245000,4.101244873046875,-1.3833608627319336,-0.255897581577301,-0.9928338527679443
