time,seconds_elapsed,z,y,x
1664520842956577000,0.549576904296875,9.654440879821777,-0.8153542876243591,1.571187138557434
1664520843953942800,1.54694287109375,10.76830005645752,-0.5623133182525635,-0.7145566344261169
1664520844951308800,2.544308837890625,7.76680326461792,-0.4049852192401886,3.594019651412964
1664520845948675300,3.54167529296875,8.9883394241333,-0.6478567123413086,2.6192433834075928
