time,seconds_elapsed,z,y,x
1664520842934897000,0.52789697265625,0.026342788711190224,-0.007253811229020357,0.0035887276753783226
1664520843932262700,1.5252626953125,-0.5010474920272827,0.38193225860595703,0.38429927825927734
1664520844929628700,2.522628662109375,1.7439689636230469,-0.2148655205965042,0.3142045736312866
1664520845926995200,3.5199951171875,0.1107160672545433,0.5642701387405396,0.3050418496131897
