time,seconds_elapsed,z,y,x
1664520842934897000,0.52789697265625,0.0358109213411808,-0.005421269219368696,-0.008246437646448612
1664520843932262700,1.5252626953125,-0.4915793240070343,0.38368842005729675,0.3725404739379883
1664520844929628700,2.522628662109375,1.7533607482910156,-0.21303297579288483,0.30244573950767517
1664520845926995200,3.5199951171875,0.12018419802188873,0.5661026835441589,0.29328304529190063
