time,seconds_elapsed,z,y,x
1664520842440006700,0.033006591796875,9.435198783874512,-0.8258228898048401,1.4581263065338135
1664520843399011600,0.992011474609375,9.618249893188477,-0.8138588070869446,1.3824533224105835
1664520844358017000,1.95101708984375,13.027423858642578,-3.507279872894287,-7.182356357574463
1664520845317022700,2.910022705078125,9.876974105834961,-2.5510480403900146,8.857032775878906
1664520846276029000,3.86902880859375,6.238986015319824,0.6511468887329102,-1.1072787046432495
