time,seconds_elapsed,z,y,x
1664853583205374000,0.1343740234375,-0.023507118225097656,0.11164677143096924,0.01888740062713623
1664853584212278000,1.141278076171875,-0.06944942474365234,-0.02587413787841797,0.0625527873635292
1664853585219180800,2.148180908203125,0.1523427963256836,1.3911806344985962,0.8405975103378296
1664853586226083600,3.15508349609375,-0.8735780715942383,-1.571574330329895,-1.0207304954528809
1664853587232986600,4.161986572265625,0.3858680725097656,0.002731621265411377,-0.2586531341075897
