time,seconds_elapsed,z,y,x
1664853583662306600,0.591306640625,9.707980155944824,1.3025928735733032,-0.13100704550743103
1664853584659619800,1.588619873046875,9.27009391784668,1.7291134595870972,-0.24586252868175507
1664853585656933000,2.58593310546875,10.455738067626953,-0.39990049600601196,-0.7112665176391602
1664853586654246700,3.58324658203125,9.320642471313477,1.3615161180496216,0.004486542660742998
