time,seconds_elapsed,z,y,x
1664853583631038500,0.56003857421875,0.01847812905907631,-0.02244863659143448,0.021914144977927208
1664853584628351200,1.557351318359375,-0.04963133856654167,0.023975754156708717,-0.0647498071193695
1664853585625664500,2.55466455078125,0.08437328040599823,-0.12102411687374115,-0.01175880990922451
1664853586622978000,3.55197802734375,-0.16958646476268768,0.00129805039614439,-0.07681404054164886
