time,seconds_elapsed,z,y,x
1664853583631038000,0.560037841796875,0.010155336000025272,-0.021532366052269936,0.03352024406194687
1664853584628351200,1.557351318359375,-0.05803048983216286,0.02489202655851841,-0.053143709897994995
1664853585625664500,2.55466455078125,0.07597412914037704,-0.12010784447193146,-0.00015271181473508477
1664853586622978000,3.55197802734375,-0.1779092699289322,0.0022143214009702206,-0.06513158977031708
