time,seconds_elapsed,z,y,x
1664853583145787400,0.074787353515625,9.532108306884766,1.1479566097259521,-0.029910283163189888
1664853584104744000,1.033743896484375,9.534501075744629,1.6040884256362915,-0.04546362906694412
1664853585063698700,1.99269873046875,9.993025779724121,0.7875377535820007,1.1240284442901611
1664853586022653700,2.95165380859375,8.894122123718262,0.39870408177375793,-0.7755736112594604
1664853586981609000,3.91060888671875,10.27059268951416,0.524327278137207,0.35922250151634216
