time,seconds_elapsed,z,y,x
1664520687006133500,0.114133544921875,0.022475242614746094,0.09581369161605835,0.044088125228881836
1664520688013086700,1.121086669921875,0.3194618225097656,-0.05156499147415161,-0.43274450302124023
1664520689020041200,2.128041259765625,-0.3632044792175293,-6.8791656494140625,-0.7869529724121094
1664520690026995500,3.134995361328125,0.5290322303771973,0.3912954330444336,-1.5660476684570312
1664520691033949700,4.14194970703125,-0.5053920745849609,-0.7976107597351074,-0.0028247833251953125
