time,seconds_elapsed,z,y,x
1664520687441428200,0.54942822265625,0.11209046840667725,-0.35826191306114197,-0.08712209016084671
1664520688438792000,1.5467919921875,0.3134410083293915,-0.8067765235900879,-0.2632751762866974
1664520689436156200,2.54415625,-0.28877803683280945,0.40254834294319153,0.011987877078354359
1664520690433520400,3.541520263671875,0.25831204652786255,-0.22135578095912933,0.16607409715652466
1664520691430884600,4.538884521484375,-0.03374931216239929,0.024586603045463562,0.10254598408937454
