time,seconds_elapsed,z,y,x
1664520687441428200,0.54942822265625,0.12155860662460327,-0.35650572180747986,-0.09888090193271637
1664520688438792000,1.5467919921875,0.3229091465473175,-0.8050203323364258,-0.2751103341579437
1664520689436156200,2.54415625,-0.2793098986148834,0.4043808877468109,0.00022906772210262716
1664520690433520400,3.541520263671875,0.2677801549434662,-0.21952323615550995,0.1543152928352356
1664520691430884600,4.538884521484375,-0.02435753494501114,0.02641914412379265,0.09078717231750488
