time,seconds_elapsed,z,y,x
1664853901370784000,0.162783935546875,0,0,0
1664853902377707800,1.169707763671875,-0.3930244445800781,0.5013357400894165,-0.07896897941827774
1664853903384631800,2.1766318359375,-0.010186195373535156,0.35005128383636475,0.12484106421470642
