time,seconds_elapsed,z,y,x
1664853901808553700,0.6005537109375,10.625628471374512,-0.9553344249725342,-1.4727823734283447
1664853902805888000,1.597887939453125,8.688937187194824,0.5877370834350586,-0.28145575523376465
