time,seconds_elapsed,z,y,x
1664853901777284400,0.569284423828125,0.05474718660116196,0.20493926107883453,-0.1510319858789444
1664853902774619000,1.566618896484375,-0.13774605095386505,-0.17096087336540222,0.25625041127204895
