time,seconds_elapsed,z,y,x
1664853901392463600,0.184463623046875,9.263813018798828,0.1944168359041214,0.21774685382843018
1664853902399387400,1.191387451171875,9.559625625610352,0.18364913761615753,-0.30179476737976074
1664853903406311400,2.1983115234375,9.783653259277344,1.1410772800445557,-0.20578274130821228
