time,seconds_elapsed,z,y,x
1664853919188632000,0.351632080078125,0,0,0
1664853920195573500,1.358573486328125,-0.0072231292724609375,0.3202974498271942,-0.005129454657435417
1664853921202513400,2.365513427734375,2.54293155670166,-0.6818715333938599,-0.6449480056762695
