time,seconds_elapsed,z,y,x
1664853919444208000,0.6072080078125,9.753743171691895,0.6969096064567566,-0.029312077909708023
1664853920441558800,1.604558837890625,10.10279655456543,0.12053844332695007,-0.388235479593277
1664853921438908000,2.601907958984375,9.45882797241211,-0.516550600528717,-1.0274182558059692
