time,seconds_elapsed,z,y,x
1664853919393758500,0.556758544921875,-0.012064233422279358,-0.013133215717971325,0.03176405653357506
1664853920391109000,1.554109130859375,0.004352286923676729,0.10605835169553757,-0.17897824943065643
1664853921388458500,2.55145849609375,-0.12613995373249054,0.028786176815629005,0.2465532273054123
