time,seconds_elapsed,z,y,x
1664853919393758500,0.556758544921875,-0.0037414394319057465,-0.014049487188458443,0.020157959312200546
1664853920391109000,1.554109130859375,0.012675080448389053,0.10514208674430847,-0.19058434665203094
1664853921388458500,2.55145849609375,-0.11781716346740723,0.027869906276464462,0.2348707765340805
