time,seconds_elapsed,z,y,x
1664853918918060800,0.081060791015625,9.509376525878906,0.3771686553955078,0.08614161610603333
1664853919877053200,1.04005322265625,9.461520195007324,0.9182456731796265,-0.07178468257188797
1664853920836044300,1.999044189453125,10.574780464172363,-0.16510476171970367,-1.6854444742202759
1664853921795034000,2.9580341796875,8.787641525268555,-0.7336992621421814,-2.4131617546081543
