time,seconds_elapsed,z,y,x
1664520824956027600,0.600027587890625,9.573384284973145,0.47288158535957336,1.3319048881530762
1664520825953395000,1.59739501953125,8.876773834228516,-0.3888336718082428,4.7611188888549805
1664520826950762200,2.59476220703125,7.724629878997803,-4.027120590209961,6.008975982666016
1664520827948129500,3.592129638671875,8.962018013000488,-0.6275177597999573,1.6169499158859253
