time,seconds_elapsed,z,y,x
1664520824355198700,-0.00080126953125,0.039160728454589844,0.002475256100296974,-0.03877997398376465
1664520825362156300,1.00615625,-0.2754640579223633,-0.9572261571884155,-3.5893936157226562
1664520826369113600,2.013113525390625,1.715829849243164,-0.5011677145957947,-1.8892602920532227
1664520827376071000,3.02007080078125,-0.3452749252319336,-3.5307247638702393,1.7054758071899414
1664520828383028200,4.0270283203125,2.2008419036865234,-0.9429327249526978,-0.9441280364990234
