time,seconds_elapsed,z,y,x
1664520824924757500,0.568757568359375,-0.2113531529903412,-0.14217470586299896,0.08582404255867004
1664520825922124500,1.56612451171875,0.5765634775161743,-0.5523586273193359,0.2411319613456726
1664520826919492000,2.5634921875,0.1301104724407196,0.41804859042167664,-0.12423106282949448
1664520827916859400,3.560859375,-0.4429406225681305,0.41835400462150574,-0.03451287001371384
