time,seconds_elapsed,z,y,x
1664520824924757500,0.568757568359375,-0.20188501477241516,-0.14034216105937958,0.07398887723684311
1664520825922124500,1.56612451171875,0.5860316157341003,-0.5505260825157166,0.22937314212322235
1664520826919492000,2.5634921875,0.13957859575748444,0.419881135225296,-0.1360662281513214
1664520827916859400,3.560859375,-0.43347248435020447,0.4201865494251251,-0.04634803533554077
