time,seconds_elapsed,z,y,x
1664520824429864700,0.07386474609375,9.697213172912598,-0.040677983313798904,1.6639090776443481
1664520825388872000,1.032871826171875,8.685647010803223,2.256431818008423,2.6682963371276855
1664520826347879000,1.99187890625,6.879364967346191,-1.3178470134735107,6.195915222167969
1664520827306886000,2.950885986328125,5.474180221557617,-4.856532573699951,3.428316593170166
1664520828265892900,3.909892822265625,15.062519073486328,-2.1882362365722656,1.1359925270080566
1664520829224899800,4.86889990234375,10.615458488464355,0.15912270545959473,-0.24526432156562805
